index,name
0,junchen1992
1,Wraecca
2,AySz88
3,Alice-ren
4,kevinriste
5,yyleocn
6,bhanutejags
7,Chen8023
8,XxxAtlantis
9,bankroft
10,curlup
11,siarheidevel
12,hebeiweiliang
13,bmanga
14,rickyi22
15,kalujee
16,LIXXstudio
17,ANRhine
18,mhxueshan
19,ntgx
20,lucasdutraf
21,juharris
22,ameyas1
23,mlkorra
24,mollybeach
25,Acemyzoe
26,Mundanity-fc
27,Ssmur
28,GaurangTandon
29,urunimi
30,code93
31,zhuojg
32,brilianputraa
33,wzy-99
34,PharaohJoe
35,denengineer
36,sun52525252
37,Daviddddl
38,Lip136
39,shenglinFL
40,xlciela
41,CKAtGitHub
42,harvardchen
43,RuochenLiu
44,taixhi
45,xrenaa
46,Mintcat10
47,atztao
48,qyx01020
49,insikk
50,dengbuqi
51,lvshaco
52,kfields
53,wxwoods
54,ManInTheBit
55,tgerimantas
56,marcbelmont
57,WenduZk
58,laughingman7743
59,panhaozhecv
60,slizb
61,terryleetracymc
62,serialbyter
63,serf-huik
64,22dimensions
65,jbayardo
66,Mansterteddy
67,Duanexiao
68,kewlbear
69,dineshkumarsarangapani
70,gmaf
71,RIPm
72,meta-machine
73,venkatkalluru
74,Mercurialzhang
75,nedphae
76,ikuinen
77,b00ls0ck3t
78,mmdeniz
79,anthonyckleung
80,dongtz
81,samutamm
82,YetAnotherMinion
83,WendyMin
84,shafaypro
85,suk1yak1
86,gokriznastic
87,joyous-x
88,yumataesu
89,kyouka-nishioka
90,RCJacH
91,alancphilpott
92,pcefulwarrior
93,msdx321
94,tae-jun
95,bryanphua
96,mznmel
97,Moretai
98,brandon-o
99,Twopothead
100,ujeshpatel
101,zerox12311
102,l1xiangyi
103,talenz
104,jaymody
105,zhouyao4321
106,thisisclosure
107,chldong
108,silverlining21
109,Rancho2050
110,bdebak
111,AmosJoseph
112,punisher1
113,Tirth27
114,srom
115,pranavkarthik10
116,captainfffsama
117,raunak-agarwal
118,GavinDmello
119,zzzhenng
120,deepimpactmir
121,seenabaker
122,fpxw
123,Jean-Emile
124,nhuhai
125,ayushmangupta1990
126,kiwiriver
127,jiweibo
128,nschejtman
129,qq42
130,dyh127
131,omar178
132,sepcnt
133,Hguimaraes
134,dpostolovski
135,KexianHust
136,RicardoLanJ
137,jediyoda36
138,a-aloof
139,Echoosx
140,xcoderliu
141,bebinu
142,60994859
143,RobotEniac
144,AhmadMoussa
145,jimaldon
146,xwang233
147,lei0lei
148,dazzlerkumar
149,gotodeploy
150,bigsshark
151,YaKaiLi
152,yhuili
153,bhatti
154,TianWuYuJiangHenShou
155,SijmenHuizenga
156,Wadaboa
157,arunpatala
158,sjcodebook
159,LemonAniLabs
160,guigaoliveira
161,Lneedy
162,ckxkexing
163,probeyang
164,jusjosgra
165,StevenGann
166,ifranco88
167,awara2012
168,cmxnono
169,iamthegreatwall
170,Yutong-Zhou-cv
171,huangjundashuaige
172,hkazuakey
173,kevin-zhanglf
174,Enjia
175,XRLZX8
176,yberreby
177,YanSteph
178,aznotins
179,dzzxjl
180,jesrav
181,peide
182,haoxu13
183,albertoseabra
184,dfdavila2
185,LingJiangXie
186,renuka-fernando
187,hushell
188,AshuJoshi
189,Fen9
190,selinachenxi
191,vishnupal
192,zake7749
193,xz-git
194,weiyw16
195,postprivee
196,Cerclique
197,senrenbanka
198,Estom
199,AlviseSembenico
200,corefan
201,gocreating
202,yan4821567
203,mikaello
204,XTechnology-TR
205,jpguzman
206,ZhihengCV
207,dustinfreeman
208,FaisalAl-Tameemi
209,birdinforest
210,justinbellucci
211,mviqm
212,junos
213,linjucs
214,Wei-Jianan
215,Setide
216,beary
217,dolylupec
218,BrianHung
219,tongjy
220,cicorias
221,Dene33
222,YangyangLi0528
223,tobiasbueschel
224,zhaimq
225,tackermnn
226,djmango
227,chs1987
228,2020-wx
229,longyue188
230,25875402
231,KayvanMazaheri
232,eugeneks
233,fuqiankun
234,narutowangmeng
235,pollyli
236,TheYahya
237,tangfei-china
238,keizure
239,ogabrielluiz
240,a-abdellatif98
241,mkemka
242,stek29
243,Yousef11111
244,wjmj
245,bryanminorphd
246,ds-wook
247,LevavasseurYann
248,PatMart
249,tangmin0714
250,dakshyab
251,playgrdstar
252,michaelkirschbaum
253,danielfleischer
254,zeqinLi
255,calvinrbnspiess
256,tuanngokien
257,Scallions
258,whosphp
259,zzsqwq
260,am1tyadav
261,changlinzhang
262,tiappendi
263,dsignr
264,RicardoHS
265,frissonlabs
266,kaiidams
267,Viresh-R
268,bestdecoder
269,yukke42
270,mrParabol
271,cpury
272,codingbowoo
273,mrconway
274,ereday
275,nanyang24
276,jerry-sjtu
277,wilsson
278,deityjiangyu
279,CatherineWong1
280,lijinchao
281,haofengsiji
282,colorcharge
283,TobyGE
284,zaid-alibadi
285,1487quantum
286,sunchongyang
287,carlos-gg
288,flylinux
289,ywkino
290,ares5221
291,abhishesh
292,MarouanGit
293,dahburj
294,zdalh
295,aaronlelevier
296,sebysr
297,scootcho
298,hjli2003
299,timhere
300,bliaxiong
301,oscmansan
302,snellingio
303,simnon
304,jakelacey2012
305,insomniahl
306,akameco
307,Lineark
308,dgsrz
309,sidorares
310,will123195
311,bhakthan
312,hzyjerry
313,LqNoob
314,mervync
315,EmilyLike
316,deven96
317,amirhosseinfaraji
318,kwguo17
319,sevance37
320,jlagunas
321,TheUltDev
322,tphummel
323,mdmmn378
324,zbessinger
325,guyezhai
326,louismartin
327,2019mohamed
328,LyricSeraph
329,KinaZhen
330,sunyasheng
331,mtphil
332,psolbach
333,xnliang98
334,Valinor
335,evgeniylevakhin
336,gunner4life
337,rain1024
338,awwong1
339,shamilatesoglu
340,ahmed-mohamed-sn
341,nyaang
342,houliwei
343,opteroncx
344,jasonChen1982
345,tenghuiji
346,hqqxyy
347,yhuard
348,maximlakin
349,Manweill
350,Mingx94
351,leophys
352,Fischchen
353,pankajkarman
354,UnjlAms
355,aurodev
356,cao-xu
357,syseo
358,yzhouas
359,tso-si
360,liulinlin
361,masscreation
362,davidwabnitz
363,clovelee
364,TyrannosaurusREKT
365,jzh1995
366,purpleman-ljl
367,sabrina-su
368,gxushine
369,angel-ray
370,boboyiyi
371,hyperloris
372,akofman
373,dushuaihua
374,hezhaozhao-git
375,fd0r
376,Arthlec
377,sighsmile
378,adrianrivers
379,libgy8zli
380,tree-park
381,snowy520
382,ondrejba
383,toan1804
384,Yang507
385,joostshao
386,wywincl
387,adidahiya
388,areomoon
389,michael1589
390,tanphilf
391,tron9527
392,tielei
393,bradleyboyuyang
394,ClydeChen
395,mikaelchobert
396,Quantum-and-photon
397,ahmedosman
398,kakamessi99
399,asifbd
400,qcxu2
401,shikong-sk
402,haramiya
403,playwhyyza
404,wangrl2016
405,gaojingsheng
406,paleblackless
407,wenyuguang
408,JyiHUO
409,rukyasu
410,xgk
411,lalitkapoor
412,baoshan
413,wangtianyiftd
414,sumehta
415,wzpython
416,songboyu
417,duanyu
418,mingtianxiatian
419,joybinchen
420,leonwind
421,Boyka1996
422,nvtiendung
423,gliboc
424,gogameboy1
425,kingfan1998
426,sambhav2612
427,tecbot
428,Snikeron
429,devinmcgloin
430,xierc
431,PuppyWolf
432,deepan2k5
433,Wes-V3
434,cheginit
435,litaotju
436,sangyy
437,changephilip
438,DrakeRubicon
439,LukaszSztukiewicz
440,liubo12
441,12dtan
442,Yardanico
443,VolkerH
444,thammegowda
445,jingangdidi
446,tkezyo
447,shangguokan
448,Newbie-W
449,Xide
450,zxsimple
451,wOo00w
452,tommyvsfu1
453,seprisutniot
454,AhmetHamzaEmra
455,jancassio
456,five23
457,StanGC
458,lmzhhh
459,saint-angels
460,Neogene
461,nside
462,rush86999
463,adagiox
464,459548764
465,meliodaseren
466,ChenTanyi
467,woolfie
468,luoxiaobatman
469,jmxpearson
470,kfriesth
471,zhangchn
472,wendalegood
473,mihnsen
474,davidsmandrade
475,GengCauWong
476,chufall
477,wjdnsdhydl
478,davewang
479,tikboaHIT
480,mariusz89016
481,xXH4CKST3RXx
482,haoma7
483,1995gatch
484,KINGRANDOLPH
485,wshBak
486,La-fe
487,meysampg
488,ch185176
489,nalancer08
490,rcourivaud
491,TzuChanChuang
492,techstone
493,IncubatorShokuhou
494,porimol
495,jackusa
496,xiebin2014
497,elyk
498,chongsoon
499,jluizgomes
500,ArnoChenFx
501,Proletarier
502,bluesjjw
503,18520339
504,haorengg12
505,transat
506,dairyj0925
507,iBraap
508,laowushi
509,crazymaster
510,zxq2233
511,dahnielson
512,63445538
513,dblodorn
514,nlstrait
515,rlueder
516,freyaya123
517,fadamsyah
518,xxzcc
519,yinshuwei100
520,ip404
521,henrynamnguyen
522,STYJ
523,winnie0
524,viktorolund
525,saber-zero
526,yanxiangyi
527,ziyue246
528,PALuczak
529,iamblue
530,username1366
531,zomeelee
532,xchadesi
533,ugurcemozturk
534,davidandorf
535,trhura
536,dxdleikai
537,Gie-ok-Hie-ut
538,zycfj
539,doublequeens
540,longlimin
541,Sid110307
542,wind928
543,PoslinskiNet
544,youngLBW
545,gezza
546,raybobo
547,bytewalking
548,ashubly25
549,aa-ko
550,renzhiyang
551,0187773933
552,lethal233
553,p141592
554,powerstce
555,Irreel
556,GeekV5
557,yuto3o
558,AuroraLHT
559,Rav4s
560,qti3e
561,kantimam
562,marvinx97
563,marco-willi
564,echostorm
565,yowenter
566,Grateful55
567,Fqlox
568,cloutiy
569,codenameyau
570,lzjqsdd
571,gpbonillas
572,zzzz438
573,RC1844
574,jinrenjie
575,mutta-n
576,yingunjun
577,kuroyam
578,ahujaavi13
579,fru
580,zhito
581,xvjiarui
582,v1shwa
583,rjdCS
584,luizdepra
585,azzeddineCH
586,JerryYu2014
587,bianshifeng
588,wendelinwemhoener
589,JettChenT
590,gmodena
591,chrisleee
592,zacharydenton
593,imnotkind
594,eugenebrechko
595,ybtsdst
596,vladkol
597,savvym
598,alice17
599,utechnics
600,lfchi
601,ConteMan
602,onuf
603,hernantak
604,DavidWangW
605,eccorley
606,JBurke007
607,rossiotti
608,nypzxy
609,manuwhat
610,Geroge-W
611,teabreak58
612,tzmartin
613,cyiano
614,oofdere
615,TomoyoStory
616,AngusKung
617,XiaoTaoWang
618,zhuyu72
619,Jingrui-1124
620,TrsNium
621,fwu11
622,egcode
623,iwillcodeu
624,myt588
625,demoso
626,digshock
627,agershun
628,wayne391
629,adamist521
630,oliveira
631,ayoolaolafenwa
632,James7zy
633,noodlefrenzy
634,JasonVann
635,sjtupig
636,HannahGuo
637,gvskalyan
638,ShreyasFadnavis
639,Zavier-Wang
640,TheRum
641,victoryhb
642,yuhsinliu1993
643,souse
644,shoito
645,zzzhc
646,lnxknl
647,cutecycle
648,hdtsai
649,nhatvu148
650,emir-munoz
651,pikeas
652,maxwyb
653,adtyn
654,fulibacsi
655,AndrewHYi
656,hy-cs
657,YaqiLYU
658,rothleer
659,caojiangxia
660,kelonion
661,charlesreid1
662,jbuisine
663,Matrix42
664,zmlmanly
665,taeyeop-lee
666,Sea-Snell
667,mohiqbalrafsanjani
668,Susa
669,byebyeway
670,trybik
671,TS-YinJie
672,cassiokawa
673,AgnesSun
674,Unfixab1e
675,kzjeef
676,krgko
677,Tarkiyah
678,kaszycki
679,xhulianoThe1
680,mayitbeegh
681,IzabelaMichniewska
682,heojae
683,Ceiridge
684,koteus
685,hmadison
686,alreich
687,ceberous
688,leminhtr
689,KaySackey
690,KabratKingEstelle
691,lotuski
692,luheng
693,HerbertHe
694,Joovvhan
695,pavitrakumar78
696,mmullen200
697,lfeng99
698,Nov05
699,Ghadjeres
700,arademaker
701,Kherrisan
702,gdinit
703,Jason-Cooke
704,michaudcordell
705,tszumowski
706,leiterenato
707,mj-will
708,todaysky1234
709,yuuki5555
710,geoffreypoirier
711,zakktakk
712,GuiyuDu
713,uberwach
714,ReinholdM
715,jiaqianjing
716,raja-1996
717,lobster47
718,fedorenchik
719,ArturSchmitke
720,AdrKacz
721,jutanke
722,leizongmin
723,AmulyaReddy99
724,rasoolfa
725,david90
726,Aryamanz29
727,nir-zilberman
728,ssantoshp
729,wizard12138
730,naveen-marthala
731,khoslaventures
732,BreezeWhite
733,anil-kk
734,lhzwb2008
735,esmivn
736,liam-i
737,bhargavaman
738,angelrsolsona
739,STANAPO
740,nandbhat
741,panda1100
742,origamifolding
743,mharrvic
744,wangruinju
745,dfischer
746,MAGI003769
747,vsmawoex
748,browserliu
749,nshmyrev
750,Yybisgod
751,WdBlink
752,jacopoch
753,adamWithF
754,tipadev
755,miracle2017
756,luckyadogun
757,offbye
758,ryanleecode
759,qiangchen353
760,0fftheground
761,BenAsano
762,zdrr
763,Zzoey
764,renisalcedo
765,shlomihod
766,baoanh1310
767,WillHTam
768,radiaku
769,LearnNLP
770,dessalines
771,subercui
772,drcdr
773,kyoyachuan
774,Hua777
775,Hackathorn
776,QhelDIV
777,WZStephen
778,cfcodefans
779,HaiQW
780,Ailurus-code
781,Pratipkhandelwal
782,FlipTip
783,GeorgeShao
784,suhib97
785,dong-ping-zhang
786,suhailkam
787,hemal-shah
788,lejinvarghese
789,mehao
790,prachuryanath
791,zcygzh
792,TianGetsuKin
793,johnanthonyjose
794,lovemefan
795,ellosiger
796,WallaceMao
797,pmgautam
798,busshatha
799,jack8z
800,weekmon
801,jepetolee
802,zqingr
803,yunjianyang
804,pushad
805,jamqd
806,idevsoft
807,boxreb14
808,sunfeng90
809,minicool
810,yongma
811,smallicesnow
812,jaydensmith
813,anzw
814,iseth
815,zhihuizheng
816,norbertstrzelecki
817,fx-world
818,XuekuanWang
819,chain0414
820,nfcampos
821,128jku9j
822,andribas404
823,punitcodes
824,johanneshirn
825,KhalilZaidoun
826,chr7stos
827,lidongyue12138
828,tbmc
829,easingthemes
830,Bohrhh
831,oneThousand1000
832,dbirchak
833,maxrousseau
834,billgsm
835,mfrigillana
836,gustblima
837,JiaruiWang
838,zhangxiaomingnku
839,lllyteins
840,thiagodini
841,Monte9
842,csy1204
843,noisyoscillator
844,jankerxp
845,Ye980226
846,jabedhasan21
847,ray-dong
848,WallZFE
849,ZhuZhengyi
850,omarkhursheed
851,Namke
852,deyanemo
853,wumingfafafa
854,Chebuu
855,rishi8313
856,vincentscode
857,mightyeye
858,shan
859,lwaekfjlk
860,puskuruk
861,LLLgoyour
862,jiannanya
863,Sliicy
864,EldersJavas
865,ryanstpierre
866,sitefeng
867,nassosoassos
868,jrf
869,BottCode
870,none53
871,abursuc
872,rz1993
873,nournia
874,Qingfeng-Yao
875,catmonkeylee
876,chizhikovnikita
877,eyric
878,ji1kang
879,geekberu
880,pandaxbacon
881,cnyondy
882,plkmo
883,Jaunson
884,ashora
885,elalemanyo
886,saimachi
887,egeapak
888,k-m-task
889,LZHMA
890,LiangZhang1996
891,geeky-bit
892,karims
893,Soar-Sir
894,xv44586
895,nirajvenkat
896,JSeam2
897,7472741
898,dettmar
899,cjim8889
900,coryjo
901,FOSSforlife
902,panovr
903,MrCodeJun
904,khimaros
905,yajiez
906,stevexyz
907,mayank7jan
908,chenjin3
909,sup
910,Ic3fr0g
911,wwwaldo
912,jmcph4
913,utkarshgiri
914,Nuzhny007
915,Jason-Yu-RD
916,lewisl9029
917,xuewengeophysics
918,chenkaitian
919,GZ315200
920,musurca
921,just1and0
922,howardlau1999
923,brickee
924,shayts7
925,kiddos
926,SopkM8Ym
927,rmax
928,flyyufelix
929,horiacristescu
930,hariharansrc
931,idoleat
932,rickcecil
933,tomlobato
934,0oshowero0
935,wuy92
936,mklemme
937,vuesets
938,radu-diaconescu13
939,mateuszmalinowski
940,evinpinar
941,Chennc
942,mevlutdemirbas
943,djrudolph
944,xenokratos
945,josephedward
946,seokg
947,aisdn
948,liutian1937
949,jdzgd
950,cyrilou242
951,dancrew32
952,ell-hol
953,Quramy
954,qhyuan1992
955,flysoso
956,classicvalues
957,wangkang
958,sazio
959,ElonKou
960,yano
961,zhangjcNJUST
962,misuqian
963,MikeMnD
964,LeeJunHyun
965,eryk
966,shoaibnajeeb
967,mydkzgj
968,lllssf
969,adewin
970,skeledrew
971,mzhongyy
972,faust93
973,xzh0315
974,minaz912
975,newte88
976,eladmoshe
977,badjano
978,dogballlee
979,WenchenLi
980,RamatovInomjon
981,junngit
982,hawkit
983,jonahoffline
984,yoms
985,Xavierxhq
986,Qiyun2014
987,2X3
988,ZSChiao
989,deidaraho
990,Ashniu123
991,ccjeff
992,hannlp
993,Davide-sd
994,zhoushuang66
995,longhailin
996,kennethlimjf
997,yusuf-jkhan1
998,ximitiejiang
999,chyanog
1000,shaoqinzhang
1001,madhur-tandon
1002,nissy-shota
1003,Ien001
1004,Pittawat2542
1005,Apothegmatic
1006,LiboMa
1007,tonyngjichun
1008,donglinz
1009,zhibo
1010,Banguiskode
1011,moaazsidat
1012,pvtc
1013,vanchelo
1014,piyushhajare
1015,AversonCoder
1016,cot246
1017,LingYinTianMeng
1018,o101010o
1019,RealHacker
1020,aruis
1021,itgoyo
1022,kimounkimsovan
1023,hdolinski
1024,kkyimasi
1025,yiren-liu
1026,LiuKaixinHappy
1027,devloper13
1028,JohnYangSam
1029,kavinforever
1030,miziha-zp
1031,julilien
1032,xiaozw123
1033,youngdev
1034,bozzmob
1035,Jackie-Chou
1036,dfsp-spirit
1037,dmelemed
1038,zzw-zwzhang
1039,cdqncn
1040,AshiishKarhade
1041,wnstlr
1042,SirDrope
1043,jinmingteo
1044,denpo1022
1045,RHDZMOTA
1046,YaboSun
1047,huangnengCSU
1048,EatEmAll
1049,jimmmmmua
1050,DanielChuDC
1051,aramdov
1052,Thanajade
1053,mjsolidarios
1054,dobrosielski
1055,htlAllen
1056,2mauis
1057,yutiansut
1058,rouseguy
1059,amanchandra333
1060,xrbu
1061,zxysilent
1062,pgericson
1063,remidebette
1064,Sfsx
1065,junoriosity
1066,guertsen
1067,Nightaway
1068,vanishinggradient
1069,irg1008
1070,theonels
1071,philvoyer
1072,Sparkypen7
1073,JWLAZY
1074,alexanderpanchenko
1075,c-box
1076,867727390
1077,mstump
1078,tattaka
1079,AtomScott
1080,alxrcs
1081,buenhygoon
1082,derweeYang
1083,dacox
1084,silentmaker
1085,edmar
1086,hiun
1087,wjjmjh
1088,ashirafj
1089,gulvarol
1090,tripplyons
1091,ilyatikhonov
1092,yakumo17s
1093,filipre
1094,IronSublimate
1095,Chrisejorge
1096,murakrishn
1097,DOUGLASMENDES
1098,goldenbean
1099,ReaFly
1100,fengjx
1101,SteinsWesley
1102,ilkerc
1103,gunerkaanalkim
1104,yasselavila
1105,Praggie
1106,hust-kevin
1107,mehmetegemen
1108,refraction-ray
1109,difa12321
1110,cameronnapoli
1111,xAlexo
1112,dhruvramani
1113,ojczeo
1114,wslgn
1115,davidcasterton
1116,Voluter
1117,ayancy
1118,ochrstn
1119,abdulabbas
1120,zhawe01
1121,VRanger
1122,m0ai
1123,neohope
1124,fundid
1125,NeuralBricolage
1126,HiroIshida
1127,shuffleo
1128,Oldpan
1129,yuwl798180
1130,bodhwani
1131,mo3rfan
1132,ImmortalGarlic
1133,buaabarty
1134,chrisber
1135,kritanjalijain
1136,chenguanda
1137,mipmip
1138,snehotosh
1139,Nitrogens
1140,ainvyu
1141,beathan
1142,lihao1992
1143,vdubya
1144,mohamed-eltabbakh
1145,toshitanian
1146,takenoko-str
1147,rocLv
1148,ACBGZM
1149,zelluo
1150,kkpsiren
1151,delonglimin
1152,kaihuchen
1153,blindnote
1154,alexlouden
1155,scholltan
1156,vt100
1157,tuttyfrutyee
1158,poehlerflorian
1159,vassilybar
1160,RainkLH
1161,yongqyu
1162,UgurKap
1163,sgnm
1164,aalireza
1165,wmylxmj
1166,ipetr0v
1167,newfacer
1168,Katolus
1169,davidcann
1170,raulqf
1171,Muhnad
1172,leeh
1173,HansonHoo
1174,b6ed7
1175,Jason0214
1176,feiyudelei
1177,cipher-byte
1178,haoliangyu
1179,daefresh
1180,BOSONCODE
1181,opendeeple
1182,dejianchen1989
1183,turiphro
1184,asetsuna
1185,ccsnake
1186,lrtz-v
1187,taqyx
1188,dangotea
1189,hexlay
1190,MhmDSmdi
1191,dipadana
1192,itaowei
1193,peterljq
1194,darren-qiu
1195,anyuzx
1196,zyds
1197,shuxue051
1198,sel
1199,yechong316
1200,LeileiCao
1201,hasnainnaeem
1202,kimamula
1203,xgalois
1204,pandaboy
1205,wulb2018
1206,jinghe0
1207,dblakely
1208,rakeen
1209,lyzardiar
1210,yuxuanwu17
1211,edgar971
1212,7heaven
1213,sccuncai
1214,debughacker
1215,Geekbruce
1216,christabor
1217,ryancheunggit
1218,rpidanny
1219,ErfanBahramali
1220,YuanzhaoChen
1221,twosilly
1222,CristianNic
1223,minhtuankha
1224,phamtrongthang123
1225,HuangBR
1226,LiangJianJi
1227,ddvladimir
1228,vladyslavstartsev
1229,qcdcool
1230,bladereo
1231,KlausGPaul
1232,bolshoibooze
1233,andrewruban
1234,arswt
1235,xatgithub
1236,miramax281
1237,Lumik7
1238,NHZlX
1239,ankitm27
1240,koksang
1241,lovehoroscoper
1242,luweizhang
1243,robeng1
1244,renchunxia
1245,eliabruni
1246,ambling
1247,leemiracle
1248,jiamings
1249,HuPeng-Valer
1250,aleozlx
1251,Ksengine
1252,shaeberling
1253,haithamhs
1254,rrrai
1255,Jascenn
1256,pratikgujral
1257,Laughing-q
1258,mfoman
1259,kryi
1260,weiqiangzheng
1261,lemo2012
1262,rkouye
1263,huixiangufl
1264,akshat14714
1265,reyman
1266,nomhck
1267,NicholasMoser
1268,shrikrishnaholla
1269,ProfXGiter
1270,heyueyuan
1271,joaoherrera
1272,wangjin
1273,abecode
1274,brunowr
1275,kealennieh
1276,wl00887404
1277,changshuhang
1278,GrameRules
1279,mudittiwari255
1280,hereismari
1281,type-a
1282,campos537
1283,ayaka209
1284,lelinhtinh
1285,brittanychiucode
1286,skoocda
1287,MauriIglesias
1288,benhid
1289,YiL17
1290,gitE0Z9
1291,zhouqiangWang
1292,sereaf
1293,kthnineone
1294,naeemy
1295,lvhuiwei
1296,ldanduo
1297,ttj
1298,shizidada
1299,eugene-yang
1300,ryanzhumich
1301,yuanbei
1302,vikasgupta-github
1303,tyohei
1304,zzrgenius
1305,damaera
1306,andrzejwp
1307,singhsterabhi
1308,Nerei
1309,washingtonxr
1310,braininahat
1311,DUALDUKE
1312,NorbertZheng
1313,lsantana486
1314,MingruiWang2017
1315,YadiraF
1316,l11x0m7
1317,Meelfy
1318,decarv
1319,leonerd6742
1320,isthegoal
1321,josephwinston
1322,brioglade
1323,Deseaus
1324,djshu
1325,Eason-zz
1326,hehaoyulkeke
1327,40uf411
1328,skchronicles
1329,hujinsen
1330,1475963
1331,yaoyuan13
1332,void-yu
1333,kostas-brainbox
1334,MMarus
1335,VincentAC-stack
1336,yezige
1337,bfla
1338,sukezane
1339,wz139704646
1340,robertyu
1341,LoniQin
1342,budaLi
1343,PoRich
1344,rzlamrr
1345,xihajun
1346,prabhatsharma
1347,jonathanbarthlm
1348,csaf4370
1349,qiaofengmarco
1350,Danie1Hayes
1351,cyrildiagne
1352,Wanke15
1353,Ayagikei
1354,12257
1355,R-J96
1356,lixinso
1357,4matic
1358,troyrain
1359,instabledesign
1360,44670
1361,youngliuxx
1362,smilepy
1363,sch17
1364,grimmer0125
1365,alanphanth
1366,xianyupro
1367,indy256
1368,Cocosister
1369,lakshjaisinghani
1370,deepmeng
1371,Fenicio
1372,serkakres
1373,terrybroad
1374,gwind
1375,GeonMoo
1376,jossalgon
1377,changyunke
1378,zooxyt
1379,etakgoz
1380,SOLARleisu
1381,rwieruch
1382,guerrillacaptain
1383,Inf3rnus187
1384,ananana
1385,df007df
1386,pengyunchou
1387,safferw
1388,w0rd-driven
1389,Lisong95
1390,kscottz
1391,ZJsonJun
1392,lichongyang96
1393,rattasak
1394,kabyru
1395,vectominist
1396,felixBrave
1397,JiaxiangZheng
1398,kindlejiang
1399,zychen2016
1400,yundequanshi
1401,XiaoningCui
1402,bang88
1403,Wyoc
1404,leon-root
1405,JeffSallans
1406,bitintheskud
1407,xutaoding
1408,Minxg
1409,chase71
1410,vsuthichai
1411,MrBananaHuman
1412,innjoshka
1413,haQiu-oMNi
1414,hijm
1415,fanjiawei
1416,Deephome
1417,mateusnobre
1418,IFICL
1419,clive819
1420,NyxSLY
1421,duterscmy
1422,boris32111
1423,NAGEZR
1424,shahinism
1425,chan337337
1426,xuminshine
1427,Tckipwe
1428,smee
1429,howardwchen
1430,neopunisher
1431,MrMrMrMrMr
1432,xiaoyufan
1433,liweisu
1434,tk1cntt
1435,artemiy-rodionov
1436,JeffSoong
1437,nd791899
1438,casa87
1439,dynbit
1440,jero07
1441,Hakeemmidan
1442,gamer4life1
1443,donnemartin
1444,JackeyLove1
1445,horacelai
1446,rdrahul
1447,chencrstu
1448,xspring14
1449,Cutano
1450,GingerCohle
1451,kirkutirev
1452,Shercode
1453,Jiuyong
1454,sackoh
1455,KazamiYuka
1456,wolfboyyang
1457,yusufbasol
1458,wuxinwei
1459,0x6773
1460,shipeng331
1461,lukevs
1462,maxlee
1463,cothong
1464,markbosky
1465,linchundan88
1466,MisterReally
1467,creakings
1468,jlevy
1469,Nyandwi
1470,wallezhang
1471,kareemkibue
1472,aisen-x
1473,pvskand
1474,theinternetgy
1475,misszero
1476,qu6zhi
1477,yunhaoqiao
1478,Rameshv
1479,agnesmm
1480,shuFlower
1481,StuntsPT
1482,yhg8423
1483,Fpiotro
1484,ivaquero
1485,kylemclaren
1486,stefan-jansen
1487,Almo7aya
1488,c0ns0le
1489,youzhenxing
1490,xfltrt
1491,Kaixin-Wu
1492,zhatongning
1493,peruginni
1494,ikapeykin
1495,ggnicolau
1496,hanntonkin
1497,yorgosk
1498,Rohit-Jain-2801
1499,BugCreat0r
1500,qiangyao1988
1501,LeeRenJie
1502,ibmw
1503,singhaki
1504,bfolkens
1505,Monster-L
1506,holsety
1507,VinnyHu
1508,creggian
1509,meetvora
1510,gvishal
1511,hopeai
1512,maacpiash
1513,arihantbansal
1514,Zhouxigui007
1515,iontower
1516,mrvicadai
1517,phammanh029
1518,SanRam
1519,YCG09
1520,xiaodongxiexie
1521,skyling
1522,Ankk98
1523,williele
1524,kevin51jiang
1525,zwbckmy
1526,deganii
1527,jxmyh99
1528,levivoelz
1529,sevkin
1530,taku2365
1531,abuwildanm
1532,naoyashiga
1533,mrchypark
1534,reprimande
1535,ShuvenduRoy
1536,cocoa-chen
1537,hicay
1538,deruci
1539,hiyouga
1540,maooson
1541,Hsnico
1542,EGreg
1543,highway007
1544,astanziola
1545,stephanyan
1546,TheSharpOwl
1547,kurttheviking
1548,arywidiantara
1549,savyasachi9
1550,sgrayrw
1551,brianfitzgerald
1552,JeremyMeissner
1553,smithla02
1554,hunkim
1555,midpoint
1556,mas192
1557,DylanHe
1558,venkatBala
1559,sarikayamerts
1560,cilopez
1561,flmdaybreak
1562,Deiolly
1563,thelostword
1564,coolshuma
1565,huangshenno1
1566,ymcui
1567,firezym
1568,dwaq
1569,proycon
1570,hosford42
1571,chrisbgp
1572,611208
1573,delfosseaurelien
1574,alaverghett
1575,StOriJimmy
1576,Sonata-Wang
1577,jsanta
1578,cuisonghui
1579,yayoimizuha
1580,mattarderne
1581,pubkey
1582,keruimin
1583,liuying4004
1584,jmsrsd
1585,Bai-ze
1586,GurkanDemirlerli
1587,ogl4jo3
1588,BrainlessLabs
1589,Pircs
1590,spurgear
1591,rm-rf-me
1592,kitlomer
1593,versae
1594,taylor891229
1595,iFwu
1596,Hi-NLP-Mff
1597,YanLinAung
1598,Vbansal21
1599,AlexG31
1600,wangerxiao001
1601,Odilio
1602,rverton
1603,lllabmaster
1604,Cherryjingyao
1605,AscaFAce
1606,Sunqinying
1607,yanbeic
1608,chenchao666
1609,hikaru-light
1610,wqw123
1611,namin
1612,k5e
1613,whoiskjl
1614,krectra
1615,Hellomodo
1616,JiachenTu
1617,xmeta
1618,FutureBody
1619,baohuy91
1620,ta93abe
1621,LeanMind
1622,brihijoshi
1623,wcirq
1624,mattgiles
1625,variable17
1626,Devy001
1627,starkblaze01
1628,ptanh2k
1629,johnsonice
1630,wfranus
1631,lachlan-eagling
1632,Omar-kh
1633,JackLangerman
1634,jyhengcoder
1635,nerses0
1636,crazybugliu
1637,xiaohuirong
1638,yeekzhang
1639,FlorianWendelborn
1640,derekxkwan
1641,pbrzostowski
1642,FYYFU
1643,lclkent
1644,NELSONZHAO
1645,muhammad-ahmed-py
1646,langeyouxiang
1647,InsaneYoungStunner
1648,ishowshao
1649,hxy1991
1650,vangao
1651,zhangl
1652,Xuekai-Zhu
1653,alexsorokoletov
1654,xingdi1990
1655,marianpetruk
1656,sahitpj
1657,HavenTong
1658,Stardust1002
1659,tedcriss
1660,moorage
1661,wangz10
1662,ianormy
1663,macanv
1664,Forsworns
1665,yjmade
1666,llzenoll
1667,jsonzilla
1668,slashpai
1669,sunoru
1670,anastassia-b
1671,djurkis
1672,dnedev
1673,threecifanggen
1674,ayush-1506
1675,spswanz
1676,DHLupine
1677,glsoon
1678,duzouw
1679,ZxjSamantha
1680,vicb1
1681,ssuperczynski
1682,saleih
1683,dsalin
1684,lgzbryant
1685,321Visual
1686,weiyu-zeng
1687,YoruCathy
1688,Amo5
1689,yyjazsf
1690,ZahoreczTibor
1691,tyson-kubota
1692,baltazarortiz
1693,zxzxde
1694,moment0517
1695,VGabby
1696,dieg0
1697,bencwbrown
1698,danvau7
1699,j2innet
1700,ConradBitt
1701,leommiranda
1702,timothyb0912
1703,dmezzogori
1704,xuningfans
1705,EvertonSilva
1706,ZeitounCorp
1707,YohannXu
1708,drorhilman
1709,skysumbra
1710,devinaconley
1711,Alexuan
1712,ciela
1713,dswah
1714,yordis
1715,WhenTheyCry96
1716,CristinaMarsh
1717,whuaxiom
1718,ihoverlord
1719,Shaosifan
1720,apedrob
1721,times2049
1722,KevinRPan
1723,nesspll
1724,Pythonista7
1725,aletonk
1726,gpfvic
1727,searchjack
1728,celeron533
1729,ajayjoshi879
1730,WindBise
1731,chentmin
1732,vortex14
1733,michaltakac
1734,michaellady
1735,jimichan
1736,ragnraok
1737,pathak-ashutosh
1738,nhoss2
1739,Koldus
1740,nathan-smeal
1741,markmatney
1742,ningandma
1743,VieVie31
1744,cecilialee
1745,zenogantner
1746,TinkerMob
1747,suhdonghwi
1748,mkeco
1749,m13m
1750,usperyang
1751,eshbeata
1752,mjsML
1753,coskun
1754,ahayasic
1755,akipham15
1756,0x106
1757,Dawn-David
1758,alexcanepa
1759,Sky-shang
1760,Srj
1761,edwardpwtsoi
1762,entyo
1763,natravedrova
1764,hanghang2333
1765,sonnyfournier
1766,notherno
1767,walsvid
1768,yixuan004
1769,Kabongosalomon
1770,umakot1974
1771,Delivator
1772,AaronSum
1773,BruceWhiteSJTU
1774,shenyuchen
1775,gitfenging
1776,a-doering
1777,ar90n
1778,locpv98
1779,kobitoko
1780,Aryonal
1781,tony-hong
1782,cruisediary
1783,sunyuu
1784,ycs77
1785,fall1600
1786,obitolyz
1787,kernelmachine
1788,TheSirC
1789,bueller
1790,joshxinjie
1791,Ogaday
1792,Xzya
1793,delaemon
1794,sjakos
1795,shawila
1796,stevekeol
1797,DateBro
1798,zh-hang
1799,blakedallen
1800,dengjianyuan
1801,Deuce7702
1802,halisyilboga
1803,ArturHD
1804,poweihuang17
1805,sekmet
1806,jlaceda
1807,c22
1808,tanasi111
1809,flysky1991
1810,bramth
1811,lorrp1
1812,paulcalabro
1813,muhaozhang
1814,WenhangBao
1815,enzodanjour
1816,Vrtak-CZ
1817,shrekwang
1818,yasaricli
1819,Salohcins
1820,selforganized
1821,joshpeng
1822,whitebull
1823,C00reNUT
1824,ClementPinard
1825,xuhuan
1826,dzaytsev91
1827,maistrovas
1828,bpiwowar
1829,Giosk
1830,julien040
1831,ducminhvudlt
1832,petersamokhin
1833,jieren0514
1834,pmularien
1835,ottolu
1836,chongkong
1837,mhazizian
1838,Nickeilf
1839,igorDolzh
1840,guo897654050
1841,gouchaoer
1842,jonyzhao
1843,zyl1314
1844,chihpoc
1845,ypwhs
1846,Clayygou
1847,kukumaluCN
1848,BajaBlaster3432
1849,zylxadz
1850,isees
1851,levitation
1852,hayderimran7
1853,muszyna25
1854,ikakey
1855,nbrochu
1856,bradleybossard
1857,windranger747
1858,pandoratoolbox
1859,jaikumarm
1860,aishoot
1861,jake23
1862,CreaV
1863,usdivad
1864,klieret
1865,shushanxingzhe
1866,YingJiang96
1867,spex66
1868,tamaritamari
1869,ielgnaw
1870,gsoyond
1871,prabh27
1872,lkiran5080
1873,jlzhutou2008
1874,zouxinghao
1875,PieterDujardin
1876,wydhcws
1877,nearsmile
1878,paladini
1879,figjam88au
1880,austinkwillis
1881,CarringtonCreative
1882,valeriocardoso
1883,chmodsss
1884,one-matrix
1885,ckeyer
1886,lbneon
1887,ninghongbo123
1888,zhaoyue-zephyrus
1889,dennis9707
1890,beyondacm
1891,sel-fish
1892,workless
1893,LWLLR
1894,canuzunoglu
1895,phongphuhanam
1896,vishvish
1897,ax4
1898,xiaobingbuhuitou
1899,rvoleti89
1900,Skyseezhang321
1901,PoemCode
1902,Barbarrosa
1903,mattiascibien
1904,mavenlin
1905,rudolphos
1906,appinteractive
1907,gadcam
1908,andreyryabov
1909,hillwah
1910,LaurenSpiegel
1911,luisbebop
1912,vpnwall-services
1913,Dongss
1914,sa03
1915,xXPablo1985Xx
1916,Stratus3D
1917,lishouchao
1918,mantis7
1919,lneylan
1920,xyc
1921,dusankocurek
1922,roryclaasen
1923,volatikus
1924,bdice
1925,ms337
1926,phu-pmh
1927,michaeljs1990
1928,jimobuwu
1929,verBubble
1930,darrenzhang1007
1931,punjab
1932,Gyvastis
1933,Cowboy-Shuai
1934,dcastillost
1935,LRY89757
1936,LeeJAJA
1937,ted2020
1938,alpha731
1939,RamadanAhmed
1940,PipePiper
1941,boneVidy
1942,czhiming
1943,tameeshB
1944,wenqibiao
1945,Oaklight
1946,Elaine0
1947,4074
1948,moonlightlane
1949,fredrikjonsson
1950,A-z-z-y
1951,aboluo11
1952,zihengh1
1953,maxcorbeau
1954,sselva
1955,chapterjason
1956,wudangt
1957,SiddharthSham
1958,franklyd
1959,tkkcc
1960,daxapps
1961,tpeng
1962,PengBoXiangShang
1963,fischer1002
1964,YishengCheng
1965,LEODPEN
1966,jianlong-yuan
1967,yozel
1968,yat011
1969,vivekmishra369
1970,iqiy
1971,cryer
1972,charlie043
1973,AcherStyx
1974,JayjeetAtGithub
1975,someoneAlready
1976,mirrajabi
1977,emecas
1978,ozozozd
1979,rhazra-003
1980,mozziem
1981,gongzhitaao
1982,avik-pal
1983,dunchen
1984,djddo
1985,Fakekid
1986,gbyh
1987,zhengmingzhang
1988,sharadmv
1989,masterdezign
1990,0x600
1991,kdexd
1992,brahimvandenbrande
1993,rehno-lindeque
1994,Trismegiste
1995,jiedo
1996,kimjuhyun22
1997,wootsaejao
1998,LittlePanger
1999,BaiqiangGit
2000,nickgu
2001,jiangxiaotao
2002,Preetham-R-B
2003,keithyin
2004,yaochao
2005,Victoriapm
2006,hahnzhu
2007,lxhuang7
2008,binss
2009,ChengjieWU
2010,UjemnyGH
2011,Aki-Fukuda
2012,mbijon
2013,LukasHaas
2014,kersh
2015,dav009
2016,calebcase
2017,godlikeldh
2018,Marveliu
2019,LauJames
2020,zgj-gutou
2021,yatzy
2022,ahmedkrmn
2023,awaseem
2024,lucasrodes
2025,dpraimeyuu
2026,nullbyte91
2027,steindani
2028,visuoo
2029,levkk
2030,rocksen
2031,sunzfy
2032,auyb0308
2033,xashes
2034,voidmomo
2035,jimmiehe
2036,GuangsZuo
2037,zhuwenxing
2038,piggyGZ
2039,JiqiSun
2040,qqdaiyu55
2041,wenfangdu
2042,lonjoy
2043,yenanfei
2044,hammercui
2045,Alaanor
2046,yannliao
2047,Bhan0507
2048,begnini
2049,AdrianVerde
2050,giangnguyen2412
2051,Fzz123
2052,cyberhoon
2053,Adi0010
2054,twistedmove
2055,jwaycube
2056,emberfox
2057,sky4star
2058,Jaredjin
2059,Ab-Jannadi
2060,bladeralien
2061,gemmaro
2062,rexxarM
2063,latstars
2064,breandan
2065,abishekmuthian
2066,surizar
2067,arifintahu
2068,huamichaelchen
2069,cr330326
2070,aiosin
2071,menxia
2072,kakkartushar1
2073,kevinnguyenai
2074,Rowing0914
2075,haven-jeon
2076,hlj2546
2077,FelikZ
2078,ssid0571xzq
2079,renatosnrg
2080,XingzhiZhou
2081,liushm
2082,gengjie
2083,Kahsolt
2084,XingxingZhang
2085,doyley91
2086,qu4ku
2087,henyau
2088,kimdanny
2089,tavasolireza
2090,crodriguez1a
2091,yichuan9527
2092,warsark
2093,disegnovitruviano
2094,lllxq
2095,Crisescode
2096,JimmyDewey
2097,SammyHam
2098,hubert0527
2099,tomek-l
2100,timothymiko
2101,SummitChen
2102,ryanaltair
2103,devdjan
2104,wenqiang-china
